[
    {
        "model": "auth.permission",
        "pk": 1,
        "fields": {
            "name": "Can add log entry",
            "content_type": 1,
            "codename": "add_logentry"
        }
    },
    {
        "model": "auth.permission",
        "pk": 2,
        "fields": {
            "name": "Can change log entry",
            "content_type": 1,
            "codename": "change_logentry"
        }
    },
    {
        "model": "auth.permission",
        "pk": 3,
        "fields": {
            "name": "Can delete log entry",
            "content_type": 1,
            "codename": "delete_logentry"
        }
    },
    {
        "model": "auth.permission",
        "pk": 4,
        "fields": {
            "name": "Can view log entry",
            "content_type": 1,
            "codename": "view_logentry"
        }
    },
    {
        "model": "auth.permission",
        "pk": 5,
        "fields": {
            "name": "Can add permission",
            "content_type": 3,
            "codename": "add_permission"
        }
    },
    {
        "model": "auth.permission",
        "pk": 6,
        "fields": {
            "name": "Can change permission",
            "content_type": 3,
            "codename": "change_permission"
        }
    },
    {
        "model": "auth.permission",
        "pk": 7,
        "fields": {
            "name": "Can delete permission",
            "content_type": 3,
            "codename": "delete_permission"
        }
    },
    {
        "model": "auth.permission",
        "pk": 8,
        "fields": {
            "name": "Can view permission",
            "content_type": 3,
            "codename": "view_permission"
        }
    },
    {
        "model": "auth.permission",
        "pk": 9,
        "fields": {
            "name": "Can add group",
            "content_type": 2,
            "codename": "add_group"
        }
    },
    {
        "model": "auth.permission",
        "pk": 10,
        "fields": {
            "name": "Can change group",
            "content_type": 2,
            "codename": "change_group"
        }
    },
    {
        "model": "auth.permission",
        "pk": 11,
        "fields": {
            "name": "Can delete group",
            "content_type": 2,
            "codename": "delete_group"
        }
    },
    {
        "model": "auth.permission",
        "pk": 12,
        "fields": {
            "name": "Can view group",
            "content_type": 2,
            "codename": "view_group"
        }
    },
    {
        "model": "auth.permission",
        "pk": 13,
        "fields": {
            "name": "Can add content type",
            "content_type": 4,
            "codename": "add_contenttype"
        }
    },
    {
        "model": "auth.permission",
        "pk": 14,
        "fields": {
            "name": "Can change content type",
            "content_type": 4,
            "codename": "change_contenttype"
        }
    },
    {
        "model": "auth.permission",
        "pk": 15,
        "fields": {
            "name": "Can delete content type",
            "content_type": 4,
            "codename": "delete_contenttype"
        }
    },
    {
        "model": "auth.permission",
        "pk": 16,
        "fields": {
            "name": "Can view content type",
            "content_type": 4,
            "codename": "view_contenttype"
        }
    },
    {
        "model": "auth.permission",
        "pk": 17,
        "fields": {
            "name": "Can add session",
            "content_type": 5,
            "codename": "add_session"
        }
    },
    {
        "model": "auth.permission",
        "pk": 18,
        "fields": {
            "name": "Can change session",
            "content_type": 5,
            "codename": "change_session"
        }
    },
    {
        "model": "auth.permission",
        "pk": 19,
        "fields": {
            "name": "Can delete session",
            "content_type": 5,
            "codename": "delete_session"
        }
    },
    {
        "model": "auth.permission",
        "pk": 20,
        "fields": {
            "name": "Can view session",
            "content_type": 5,
            "codename": "view_session"
        }
    },
    {
        "model": "auth.permission",
        "pk": 21,
        "fields": {
            "name": "Can add trip",
            "content_type": 6,
            "codename": "add_trip"
        }
    },
    {
        "model": "auth.permission",
        "pk": 22,
        "fields": {
            "name": "Can change trip",
            "content_type": 6,
            "codename": "change_trip"
        }
    },
    {
        "model": "auth.permission",
        "pk": 23,
        "fields": {
            "name": "Can delete trip",
            "content_type": 6,
            "codename": "delete_trip"
        }
    },
    {
        "model": "auth.permission",
        "pk": 24,
        "fields": {
            "name": "Can view trip",
            "content_type": 6,
            "codename": "view_trip"
        }
    },
    {
        "model": "auth.permission",
        "pk": 25,
        "fields": {
            "name": "Can add trip node",
            "content_type": 7,
            "codename": "add_tripnode"
        }
    },
    {
        "model": "auth.permission",
        "pk": 26,
        "fields": {
            "name": "Can change trip node",
            "content_type": 7,
            "codename": "change_tripnode"
        }
    },
    {
        "model": "auth.permission",
        "pk": 27,
        "fields": {
            "name": "Can delete trip node",
            "content_type": 7,
            "codename": "delete_tripnode"
        }
    },
    {
        "model": "auth.permission",
        "pk": 28,
        "fields": {
            "name": "Can view trip node",
            "content_type": 7,
            "codename": "view_tripnode"
        }
    },
    {
        "model": "auth.permission",
        "pk": 29,
        "fields": {
            "name": "Can add user",
            "content_type": 8,
            "codename": "add_user"
        }
    },
    {
        "model": "auth.permission",
        "pk": 30,
        "fields": {
            "name": "Can change user",
            "content_type": 8,
            "codename": "change_user"
        }
    },
    {
        "model": "auth.permission",
        "pk": 31,
        "fields": {
            "name": "Can delete user",
            "content_type": 8,
            "codename": "delete_user"
        }
    },
    {
        "model": "auth.permission",
        "pk": 32,
        "fields": {
            "name": "Can view user",
            "content_type": 8,
            "codename": "view_user"
        }
    },
    {
        "model": "auth.permission",
        "pk": 33,
        "fields": {
            "name": "Can add node",
            "content_type": 10,
            "codename": "add_node"
        }
    },
    {
        "model": "auth.permission",
        "pk": 34,
        "fields": {
            "name": "Can change node",
            "content_type": 10,
            "codename": "change_node"
        }
    },
    {
        "model": "auth.permission",
        "pk": 35,
        "fields": {
            "name": "Can delete node",
            "content_type": 10,
            "codename": "delete_node"
        }
    },
    {
        "model": "auth.permission",
        "pk": 36,
        "fields": {
            "name": "Can view node",
            "content_type": 10,
            "codename": "view_node"
        }
    },
    {
        "model": "auth.permission",
        "pk": 37,
        "fields": {
            "name": "Can add edge",
            "content_type": 9,
            "codename": "add_edge"
        }
    },
    {
        "model": "auth.permission",
        "pk": 38,
        "fields": {
            "name": "Can change edge",
            "content_type": 9,
            "codename": "change_edge"
        }
    },
    {
        "model": "auth.permission",
        "pk": 39,
        "fields": {
            "name": "Can delete edge",
            "content_type": 9,
            "codename": "delete_edge"
        }
    },
    {
        "model": "auth.permission",
        "pk": 40,
        "fields": {
            "name": "Can view edge",
            "content_type": 9,
            "codename": "view_edge"
        }
    },
    {
        "model": "contenttypes.contenttype",
        "pk": 1,
        "fields": {
            "app_label": "admin",
            "model": "logentry"
        }
    },
    {
        "model": "contenttypes.contenttype",
        "pk": 2,
        "fields": {
            "app_label": "auth",
            "model": "group"
        }
    },
    {
        "model": "contenttypes.contenttype",
        "pk": 3,
        "fields": {
            "app_label": "auth",
            "model": "permission"
        }
    },
    {
        "model": "contenttypes.contenttype",
        "pk": 4,
        "fields": {
            "app_label": "contenttypes",
            "model": "contenttype"
        }
    },
    {
        "model": "contenttypes.contenttype",
        "pk": 5,
        "fields": {
            "app_label": "sessions",
            "model": "session"
        }
    },
    {
        "model": "contenttypes.contenttype",
        "pk": 6,
        "fields": {
            "app_label": "trips",
            "model": "trip"
        }
    },
    {
        "model": "contenttypes.contenttype",
        "pk": 7,
        "fields": {
            "app_label": "trips",
            "model": "tripnode"
        }
    },
    {
        "model": "contenttypes.contenttype",
        "pk": 8,
        "fields": {
            "app_label": "users",
            "model": "user"
        }
    },
    {
        "model": "contenttypes.contenttype",
        "pk": 9,
        "fields": {
            "app_label": "network",
            "model": "edge"
        }
    },
    {
        "model": "contenttypes.contenttype",
        "pk": 10,
        "fields": {
            "app_label": "network",
            "model": "node"
        }
    },
    {
        "model": "sessions.session",
        "pk": "fiwco7lpks13pvigqhzssm3pfvsel8lr",
        "fields": {
            "session_data": ".eJxVjMsOgjAQAP-lZ9PQstuHR-98A9lttxY1kFA4Gf_dkHDQ68xk3mqkfavj3mQdp6yuyqjLL2NKT5kPkR803xedlnlbJ9ZHok_b9LBked3O9m9QqdVj2zsykYVRPDtrC2Av6Ep2CQJAdEg-GCjWcDaIJZGg7xhCH7toc1GfL9bRN34:1w2RuF:5ZlC-I6_q5MJ9ppUHoLxgrV-ITM4RLQgoi7FxMOIfqI",
            "expire_date": "2026-03-31T10:44:11.722Z"
        }
    },
    {
        "model": "trips.trip",
        "pk": 1,
        "fields": {
            "name": "Dockass",
            "slug": "dockass-1773693015",
            "start_node": 1,
            "end_node": 58,
            "departure_time": "2026-03-25T01:59:00Z",
            "available_seats": 10,
            "arrival_time": "2026-03-18T02:00:00Z",
            "ticket_price": "1220.00",
            "created_by": 1
        }
    },
    {
        "model": "trips.trip",
        "pk": 2,
        "fields": {
            "name": "Letway",
            "slug": "letway-1773699344",
            "start_node": 1,
            "end_node": 19,
            "departure_time": "2026-03-17T03:45:00Z",
            "available_seats": 18,
            "arrival_time": "2026-03-19T03:45:00Z",
            "ticket_price": "120.00",
            "created_by": 1
        }
    },
    {
        "model": "trips.trip",
        "pk": 3,
        "fields": {
            "name": "Merigan",
            "slug": "merigan-1773699369",
            "start_node": 3,
            "end_node": 61,
            "departure_time": "2026-03-23T03:45:00Z",
            "available_seats": 6,
            "arrival_time": "2026-03-25T03:45:00Z",
            "ticket_price": "1220.00",
            "created_by": 1
        }
    },
    {
        "model": "trips.trip",
        "pk": 4,
        "fields": {
            "name": "Tellway",
            "slug": "tellway-1773699397",
            "start_node": 8,
            "end_node": 52,
            "departure_time": "2026-03-23T03:46:00Z",
            "available_seats": 8,
            "arrival_time": "2026-03-24T03:46:00Z",
            "ticket_price": "1110.00",
            "created_by": 1
        }
    },
    {
        "model": "trips.trip",
        "pk": 5,
        "fields": {
            "name": "Troket",
            "slug": "troket-1773699566",
            "start_node": 1,
            "end_node": 11,
            "departure_time": "2026-03-04T03:49:00Z",
            "available_seats": 22,
            "arrival_time": "2026-03-06T03:49:00Z",
            "ticket_price": "160.00",
            "created_by": 1
        }
    },
    {
        "model": "trips.trip",
        "pk": 6,
        "fields": {
            "name": "Milway",
            "slug": "milway-1773699625",
            "start_node": 3,
            "end_node": 17,
            "departure_time": "2026-03-09T03:49:00Z",
            "available_seats": 8,
            "arrival_time": "2026-03-10T03:49:00Z",
            "ticket_price": "220.00",
            "created_by": 1
        }
    },
    {
        "model": "trips.trip",
        "pk": 7,
        "fields": {
            "name": "Express",
            "slug": "express-1773699652",
            "start_node": 7,
            "end_node": 24,
            "departure_time": "2026-03-30T03:50:00Z",
            "available_seats": 12,
            "arrival_time": "2026-04-02T03:50:00Z",
            "ticket_price": "1560.00",
            "created_by": 1
        }
    },
    {
        "model": "trips.trip",
        "pk": 8,
        "fields": {
            "name": "Planet",
            "slug": "planet-1773699708",
            "start_node": 7,
            "end_node": 14,
            "departure_time": "2026-03-18T03:51:00Z",
            "available_seats": 18,
            "arrival_time": "2026-03-20T03:51:00Z",
            "ticket_price": "110.00",
            "created_by": 1
        }
    },
    {
        "model": "trips.trip",
        "pk": 9,
        "fields": {
            "name": "Taret",
            "slug": "taret-1773699741",
            "start_node": 1,
            "end_node": 61,
            "departure_time": "2026-04-13T03:52:00Z",
            "available_seats": 2,
            "arrival_time": "2026-04-16T03:52:00Z",
            "ticket_price": "4600.00",
            "created_by": 1
        }
    },
    {
        "model": "trips.trip",
        "pk": 10,
        "fields": {
            "name": "Prolly",
            "slug": "prolly-1773699766",
            "start_node": 6,
            "end_node": 12,
            "departure_time": "2026-03-24T03:52:00Z",
            "available_seats": 22,
            "arrival_time": "2026-03-27T03:52:00Z",
            "ticket_price": "110.00",
            "created_by": 1
        }
    },
    {
        "model": "trips.tripnode",
        "pk": 1,
        "fields": {
            "trip": 1,
            "node": 1,
            "order": 0
        }
    },
    {
        "model": "trips.tripnode",
        "pk": 2,
        "fields": {
            "trip": 1,
            "node": 13,
            "order": 1
        }
    },
    {
        "model": "trips.tripnode",
        "pk": 3,
        "fields": {
            "trip": 1,
            "node": 15,
            "order": 2
        }
    },
    {
        "model": "trips.tripnode",
        "pk": 4,
        "fields": {
            "trip": 1,
            "node": 58,
            "order": 3
        }
    },
    {
        "model": "trips.tripnode",
        "pk": 5,
        "fields": {
            "trip": 2,
            "node": 1,
            "order": 0
        }
    },
    {
        "model": "trips.tripnode",
        "pk": 6,
        "fields": {
            "trip": 2,
            "node": 48,
            "order": 1
        }
    },
    {
        "model": "trips.tripnode",
        "pk": 7,
        "fields": {
            "trip": 2,
            "node": 42,
            "order": 2
        }
    },
    {
        "model": "trips.tripnode",
        "pk": 8,
        "fields": {
            "trip": 2,
            "node": 19,
            "order": 3
        }
    },
    {
        "model": "trips.tripnode",
        "pk": 9,
        "fields": {
            "trip": 3,
            "node": 3,
            "order": 0
        }
    },
    {
        "model": "trips.tripnode",
        "pk": 10,
        "fields": {
            "trip": 3,
            "node": 45,
            "order": 1
        }
    },
    {
        "model": "trips.tripnode",
        "pk": 11,
        "fields": {
            "trip": 3,
            "node": 36,
            "order": 2
        }
    },
    {
        "model": "trips.tripnode",
        "pk": 12,
        "fields": {
            "trip": 3,
            "node": 61,
            "order": 3
        }
    },
    {
        "model": "trips.tripnode",
        "pk": 13,
        "fields": {
            "trip": 4,
            "node": 8,
            "order": 0
        }
    },
    {
        "model": "trips.tripnode",
        "pk": 14,
        "fields": {
            "trip": 4,
            "node": 13,
            "order": 1
        }
    },
    {
        "model": "trips.tripnode",
        "pk": 15,
        "fields": {
            "trip": 4,
            "node": 15,
            "order": 2
        }
    },
    {
        "model": "trips.tripnode",
        "pk": 16,
        "fields": {
            "trip": 4,
            "node": 28,
            "order": 3
        }
    },
    {
        "model": "trips.tripnode",
        "pk": 17,
        "fields": {
            "trip": 4,
            "node": 52,
            "order": 4
        }
    },
    {
        "model": "trips.tripnode",
        "pk": 18,
        "fields": {
            "trip": 5,
            "node": 1,
            "order": 0
        }
    },
    {
        "model": "trips.tripnode",
        "pk": 19,
        "fields": {
            "trip": 5,
            "node": 49,
            "order": 1
        }
    },
    {
        "model": "trips.tripnode",
        "pk": 20,
        "fields": {
            "trip": 5,
            "node": 11,
            "order": 2
        }
    },
    {
        "model": "trips.tripnode",
        "pk": 21,
        "fields": {
            "trip": 6,
            "node": 3,
            "order": 0
        }
    },
    {
        "model": "trips.tripnode",
        "pk": 22,
        "fields": {
            "trip": 6,
            "node": 48,
            "order": 1
        }
    },
    {
        "model": "trips.tripnode",
        "pk": 23,
        "fields": {
            "trip": 6,
            "node": 46,
            "order": 2
        }
    },
    {
        "model": "trips.tripnode",
        "pk": 24,
        "fields": {
            "trip": 6,
            "node": 30,
            "order": 3
        }
    },
    {
        "model": "trips.tripnode",
        "pk": 25,
        "fields": {
            "trip": 6,
            "node": 17,
            "order": 4
        }
    },
    {
        "model": "trips.tripnode",
        "pk": 26,
        "fields": {
            "trip": 7,
            "node": 7,
            "order": 0
        }
    },
    {
        "model": "trips.tripnode",
        "pk": 27,
        "fields": {
            "trip": 7,
            "node": 50,
            "order": 1
        }
    },
    {
        "model": "trips.tripnode",
        "pk": 28,
        "fields": {
            "trip": 7,
            "node": 6,
            "order": 2
        }
    },
    {
        "model": "trips.tripnode",
        "pk": 29,
        "fields": {
            "trip": 7,
            "node": 59,
            "order": 3
        }
    },
    {
        "model": "trips.tripnode",
        "pk": 30,
        "fields": {
            "trip": 7,
            "node": 24,
            "order": 4
        }
    },
    {
        "model": "trips.tripnode",
        "pk": 31,
        "fields": {
            "trip": 8,
            "node": 7,
            "order": 0
        }
    },
    {
        "model": "trips.tripnode",
        "pk": 32,
        "fields": {
            "trip": 8,
            "node": 13,
            "order": 1
        }
    },
    {
        "model": "trips.tripnode",
        "pk": 33,
        "fields": {
            "trip": 8,
            "node": 18,
            "order": 2
        }
    },
    {
        "model": "trips.tripnode",
        "pk": 34,
        "fields": {
            "trip": 8,
            "node": 42,
            "order": 3
        }
    },
    {
        "model": "trips.tripnode",
        "pk": 35,
        "fields": {
            "trip": 8,
            "node": 14,
            "order": 4
        }
    },
    {
        "model": "trips.tripnode",
        "pk": 36,
        "fields": {
            "trip": 9,
            "node": 1,
            "order": 0
        }
    },
    {
        "model": "trips.tripnode",
        "pk": 37,
        "fields": {
            "trip": 9,
            "node": 49,
            "order": 1
        }
    },
    {
        "model": "trips.tripnode",
        "pk": 38,
        "fields": {
            "trip": 9,
            "node": 57,
            "order": 2
        }
    },
    {
        "model": "trips.tripnode",
        "pk": 39,
        "fields": {
            "trip": 9,
            "node": 61,
            "order": 3
        }
    },
    {
        "model": "trips.tripnode",
        "pk": 40,
        "fields": {
            "trip": 10,
            "node": 6,
            "order": 0
        }
    },
    {
        "model": "trips.tripnode",
        "pk": 41,
        "fields": {
            "trip": 10,
            "node": 29,
            "order": 1
        }
    },
    {
        "model": "trips.tripnode",
        "pk": 42,
        "fields": {
            "trip": 10,
            "node": 38,
            "order": 2
        }
    },
    {
        "model": "trips.tripnode",
        "pk": 43,
        "fields": {
            "trip": 10,
            "node": 26,
            "order": 3
        }
    },
    {
        "model": "trips.tripnode",
        "pk": 44,
        "fields": {
            "trip": 10,
            "node": 12,
            "order": 4
        }
    },
    {
        "model": "users.user",
        "pk": 1,
        "fields": {
            "password": "pbkdf2_sha256$1000000$ePzmFagGRiw5mdZT48NDnA$F4RdjyYuPgWtRSt7Tx64wuhpciAgRvNKvCpm/4MFYRo=",
            "last_login": "2026-03-17T10:44:11.704Z",
            "is_superuser": false,
            "username": "Travor",
            "first_name": "",
            "last_name": "",
            "email": "travor@gmail.com",
            "is_staff": false,
            "is_active": true,
            "date_joined": "2026-03-16T16:27:29.017Z",
            "role": "driver",
            "phone_number": "",
            "groups": [],
            "user_permissions": []
        }
    },
    {
        "model": "users.user",
        "pk": 2,
        "fields": {
            "password": "pbkdf2_sha256$1200000$DZ5Rx5YauOey2FgEkMJRaE$AWcRfCBkplwqpxn1nrkBR5trC9IHMGSiLUyJT7aV6og=",
            "last_login": "2026-03-16T22:27:01.692Z",
            "is_superuser": true,
            "username": "lazypirate",
            "first_name": "",
            "last_name": "",
            "email": "lazyp@gmail.com",
            "is_staff": true,
            "is_active": true,
            "date_joined": "2026-03-16T16:29:06.812Z",
            "role": "passenger",
            "phone_number": "",
            "groups": [],
            "user_permissions": []
        }
    },
    {
        "model": "users.user",
        "pk": 3,
        "fields": {
            "password": "pbkdf2_sha256$1200000$PZXYxL9UibJOQzVDEBNEJJ$2GZSzz2u6oI0Dxjq8ngNvQie+XQVif4gQA6du3XGL2w=",
            "last_login": "2026-03-16T20:31:03.349Z",
            "is_superuser": false,
            "username": "tellow",
            "first_name": "",
            "last_name": "",
            "email": "tellow@gmail.com",
            "is_staff": false,
            "is_active": true,
            "date_joined": "2026-03-16T20:30:51.383Z",
            "role": "passenger",
            "phone_number": "",
            "groups": [],
            "user_permissions": []
        }
    },
    {
        "model": "users.user",
        "pk": 4,
        "fields": {
            "password": "pbkdf2_sha256$1000000$ZOX86PXgRiQzQig8XkbBaE$Lbdr3+scw+N1OF4EBGvd4/vF3ErPgtEdyRAM6CVy7Tw=",
            "last_login": "2026-03-17T10:44:04.978Z",
            "is_superuser": false,
            "username": "Prone",
            "first_name": "",
            "last_name": "",
            "email": "prone@gmail.com",
            "is_staff": false,
            "is_active": true,
            "date_joined": "2026-03-16T22:17:01.029Z",
            "role": "driver",
            "phone_number": "",
            "groups": [],
            "user_permissions": []
        }
    },
    {
        "model": "users.user",
        "pk": 5,
        "fields": {
            "password": "pbkdf2_sha256$1000000$O5OiLWXh7SiKIZkbbRvqxk$BAxrnjldq8zhEX6onkLrRM2JN4DDb8JZuNqj/v/a8VE=",
            "last_login": "2026-03-17T10:42:11.947Z",
            "is_superuser": false,
            "username": "Kret",
            "first_name": "",
            "last_name": "",
            "email": "kret@gmail.com",
            "is_staff": false,
            "is_active": true,
            "date_joined": "2026-03-16T22:21:28.602Z",
            "role": "driver",
            "phone_number": "",
            "groups": [],
            "user_permissions": []
        }
    },
    {
        "model": "network.node",
        "pk": 1,
        "fields": {
            "name": "Delhi"
        }
    },
    {
        "model": "network.node",
        "pk": 2,
        "fields": {
            "name": "Mumbai"
        }
    },
    {
        "model": "network.node",
        "pk": 3,
        "fields": {
            "name": "Kolkata"
        }
    },
    {
        "model": "network.node",
        "pk": 4,
        "fields": {
            "name": "Chennai"
        }
    },
    {
        "model": "network.node",
        "pk": 5,
        "fields": {
            "name": "Bangalore"
        }
    },
    {
        "model": "network.node",
        "pk": 6,
        "fields": {
            "name": "Hyderabad"
        }
    },
    {
        "model": "network.node",
        "pk": 7,
        "fields": {
            "name": "Pune"
        }
    },
    {
        "model": "network.node",
        "pk": 8,
        "fields": {
            "name": "Ahmedabad"
        }
    },
    {
        "model": "network.node",
        "pk": 9,
        "fields": {
            "name": "Jaipur"
        }
    },
    {
        "model": "network.node",
        "pk": 10,
        "fields": {
            "name": "Lucknow"
        }
    },
    {
        "model": "network.node",
        "pk": 11,
        "fields": {
            "name": "Kanpur"
        }
    },
    {
        "model": "network.node",
        "pk": 12,
        "fields": {
            "name": "Nagpur"
        }
    },
    {
        "model": "network.node",
        "pk": 13,
        "fields": {
            "name": "Indore"
        }
    },
    {
        "model": "network.node",
        "pk": 14,
        "fields": {
            "name": "Bhopal"
        }
    },
    {
        "model": "network.node",
        "pk": 15,
        "fields": {
            "name": "Patna"
        }
    },
    {
        "model": "network.node",
        "pk": 16,
        "fields": {
            "name": "Ranchi"
        }
    },
    {
        "model": "network.node",
        "pk": 17,
        "fields": {
            "name": "Raipur"
        }
    },
    {
        "model": "network.node",
        "pk": 18,
        "fields": {
            "name": "Chandigarh"
        }
    },
    {
        "model": "network.node",
        "pk": 19,
        "fields": {
            "name": "Amritsar"
        }
    },
    {
        "model": "network.node",
        "pk": 20,
        "fields": {
            "name": "Ludhiana"
        }
    },
    {
        "model": "network.node",
        "pk": 21,
        "fields": {
            "name": "Shimla"
        }
    },
    {
        "model": "network.node",
        "pk": 22,
        "fields": {
            "name": "Dehradun"
        }
    },
    {
        "model": "network.node",
        "pk": 23,
        "fields": {
            "name": "Varanasi"
        }
    },
    {
        "model": "network.node",
        "pk": 24,
        "fields": {
            "name": "Agra"
        }
    },
    {
        "model": "network.node",
        "pk": 25,
        "fields": {
            "name": "Noida"
        }
    },
    {
        "model": "network.node",
        "pk": 26,
        "fields": {
            "name": "Gurgaon"
        }
    },
    {
        "model": "network.node",
        "pk": 27,
        "fields": {
            "name": "Faridabad"
        }
    },
    {
        "model": "network.node",
        "pk": 28,
        "fields": {
            "name": "Surat"
        }
    },
    {
        "model": "network.node",
        "pk": 29,
        "fields": {
            "name": "Vadodara"
        }
    },
    {
        "model": "network.node",
        "pk": 30,
        "fields": {
            "name": "Rajkot"
        }
    },
    {
        "model": "network.node",
        "pk": 31,
        "fields": {
            "name": "Nashik"
        }
    },
    {
        "model": "network.node",
        "pk": 32,
        "fields": {
            "name": "Aurangabad"
        }
    },
    {
        "model": "network.node",
        "pk": 33,
        "fields": {
            "name": "Solapur"
        }
    },
    {
        "model": "network.node",
        "pk": 34,
        "fields": {
            "name": "Kolhapur"
        }
    },
    {
        "model": "network.node",
        "pk": 35,
        "fields": {
            "name": "Mysore"
        }
    },
    {
        "model": "network.node",
        "pk": 36,
        "fields": {
            "name": "Mangalore"
        }
    },
    {
        "model": "network.node",
        "pk": 37,
        "fields": {
            "name": "Kochi"
        }
    },
    {
        "model": "network.node",
        "pk": 38,
        "fields": {
            "name": "Thiruvananthapuram"
        }
    },
    {
        "model": "network.node",
        "pk": 39,
        "fields": {
            "name": "Madurai"
        }
    },
    {
        "model": "network.node",
        "pk": 40,
        "fields": {
            "name": "Coimbatore"
        }
    },
    {
        "model": "network.node",
        "pk": 41,
        "fields": {
            "name": "Tiruchirappalli"
        }
    },
    {
        "model": "network.node",
        "pk": 42,
        "fields": {
            "name": "Visakhapatnam"
        }
    },
    {
        "model": "network.node",
        "pk": 43,
        "fields": {
            "name": "Vijayawada"
        }
    },
    {
        "model": "network.node",
        "pk": 44,
        "fields": {
            "name": "Guntur"
        }
    },
    {
        "model": "network.node",
        "pk": 45,
        "fields": {
            "name": "Warangal"
        }
    },
    {
        "model": "network.node",
        "pk": 46,
        "fields": {
            "name": "Pilani"
        }
    },
    {
        "model": "network.node",
        "pk": 47,
        "fields": {
            "name": "Udaipur"
        }
    },
    {
        "model": "network.node",
        "pk": 48,
        "fields": {
            "name": "Jodhpur"
        }
    },
    {
        "model": "network.node",
        "pk": 49,
        "fields": {
            "name": "Jaisalmer"
        }
    },
    {
        "model": "network.node",
        "pk": 50,
        "fields": {
            "name": "Ajmer"
        }
    },
    {
        "model": "network.node",
        "pk": 51,
        "fields": {
            "name": "Alwar"
        }
    },
    {
        "model": "network.node",
        "pk": 52,
        "fields": {
            "name": "Srinagar"
        }
    },
    {
        "model": "network.node",
        "pk": 53,
        "fields": {
            "name": "Leh"
        }
    },
    {
        "model": "network.node",
        "pk": 54,
        "fields": {
            "name": "Gangtok"
        }
    },
    {
        "model": "network.node",
        "pk": 55,
        "fields": {
            "name": "Itanagar"
        }
    },
    {
        "model": "network.node",
        "pk": 56,
        "fields": {
            "name": "Shillong"
        }
    },
    {
        "model": "network.node",
        "pk": 57,
        "fields": {
            "name": "Aizawl"
        }
    },
    {
        "model": "network.node",
        "pk": 58,
        "fields": {
            "name": "Imphal"
        }
    },
    {
        "model": "network.node",
        "pk": 59,
        "fields": {
            "name": "Kohima"
        }
    },
    {
        "model": "network.node",
        "pk": 60,
        "fields": {
            "name": "Dimapur"
        }
    },
    {
        "model": "network.node",
        "pk": 61,
        "fields": {
            "name": "Silchar"
        }
    },
    {
        "model": "network.edge",
        "pk": 1,
        "fields": {
            "from_node": 49,
            "to_node": 57
        }
    },
    {
        "model": "network.edge",
        "pk": 2,
        "fields": {
            "from_node": 23,
            "to_node": 35
        }
    },
    {
        "model": "network.edge",
        "pk": 3,
        "fields": {
            "from_node": 38,
            "to_node": 26
        }
    },
    {
        "model": "network.edge",
        "pk": 4,
        "fields": {
            "from_node": 11,
            "to_node": 41
        }
    },
    {
        "model": "network.edge",
        "pk": 5,
        "fields": {
            "from_node": 38,
            "to_node": 11
        }
    },
    {
        "model": "network.edge",
        "pk": 6,
        "fields": {
            "from_node": 61,
            "to_node": 29
        }
    },
    {
        "model": "network.edge",
        "pk": 7,
        "fields": {
            "from_node": 59,
            "to_node": 24
        }
    },
    {
        "model": "network.edge",
        "pk": 8,
        "fields": {
            "from_node": 36,
            "to_node": 50
        }
    },
    {
        "model": "network.edge",
        "pk": 9,
        "fields": {
            "from_node": 26,
            "to_node": 55
        }
    },
    {
        "model": "network.edge",
        "pk": 10,
        "fields": {
            "from_node": 41,
            "to_node": 48
        }
    },
    {
        "model": "network.edge",
        "pk": 11,
        "fields": {
            "from_node": 17,
            "to_node": 30
        }
    },
    {
        "model": "network.edge",
        "pk": 12,
        "fields": {
            "from_node": 54,
            "to_node": 25
        }
    },
    {
        "model": "network.edge",
        "pk": 13,
        "fields": {
            "from_node": 2,
            "to_node": 33
        }
    },
    {
        "model": "network.edge",
        "pk": 14,
        "fields": {
            "from_node": 40,
            "to_node": 48
        }
    },
    {
        "model": "network.edge",
        "pk": 15,
        "fields": {
            "from_node": 17,
            "to_node": 55
        }
    },
    {
        "model": "network.edge",
        "pk": 16,
        "fields": {
            "from_node": 16,
            "to_node": 29
        }
    },
    {
        "model": "network.edge",
        "pk": 17,
        "fields": {
            "from_node": 26,
            "to_node": 12
        }
    },
    {
        "model": "network.edge",
        "pk": 18,
        "fields": {
            "from_node": 39,
            "to_node": 33
        }
    },
    {
        "model": "network.edge",
        "pk": 19,
        "fields": {
            "from_node": 12,
            "to_node": 16
        }
    },
    {
        "model": "network.edge",
        "pk": 20,
        "fields": {
            "from_node": 18,
            "to_node": 49
        }
    },
    {
        "model": "network.edge",
        "pk": 21,
        "fields": {
            "from_node": 3,
            "to_node": 45
        }
    },
    {
        "model": "network.edge",
        "pk": 22,
        "fields": {
            "from_node": 30,
            "to_node": 22
        }
    },
    {
        "model": "network.edge",
        "pk": 23,
        "fields": {
            "from_node": 55,
            "to_node": 59
        }
    },
    {
        "model": "network.edge",
        "pk": 24,
        "fields": {
            "from_node": 21,
            "to_node": 56
        }
    },
    {
        "model": "network.edge",
        "pk": 25,
        "fields": {
            "from_node": 60,
            "to_node": 21
        }
    },
    {
        "model": "network.edge",
        "pk": 26,
        "fields": {
            "from_node": 10,
            "to_node": 12
        }
    },
    {
        "model": "network.edge",
        "pk": 27,
        "fields": {
            "from_node": 60,
            "to_node": 3
        }
    },
    {
        "model": "network.edge",
        "pk": 28,
        "fields": {
            "from_node": 11,
            "to_node": 61
        }
    },
    {
        "model": "network.edge",
        "pk": 29,
        "fields": {
            "from_node": 12,
            "to_node": 41
        }
    },
    {
        "model": "network.edge",
        "pk": 30,
        "fields": {
            "from_node": 56,
            "to_node": 42
        }
    },
    {
        "model": "network.edge",
        "pk": 31,
        "fields": {
            "from_node": 50,
            "to_node": 1
        }
    },
    {
        "model": "network.edge",
        "pk": 32,
        "fields": {
            "from_node": 34,
            "to_node": 26
        }
    },
    {
        "model": "network.edge",
        "pk": 33,
        "fields": {
            "from_node": 16,
            "to_node": 51
        }
    },
    {
        "model": "network.edge",
        "pk": 34,
        "fields": {
            "from_node": 32,
            "to_node": 56
        }
    },
    {
        "model": "network.edge",
        "pk": 35,
        "fields": {
            "from_node": 57,
            "to_node": 8
        }
    },
    {
        "model": "network.edge",
        "pk": 36,
        "fields": {
            "from_node": 13,
            "to_node": 15
        }
    },
    {
        "model": "network.edge",
        "pk": 37,
        "fields": {
            "from_node": 20,
            "to_node": 8
        }
    },
    {
        "model": "network.edge",
        "pk": 38,
        "fields": {
            "from_node": 11,
            "to_node": 20
        }
    },
    {
        "model": "network.edge",
        "pk": 39,
        "fields": {
            "from_node": 59,
            "to_node": 8
        }
    },
    {
        "model": "network.edge",
        "pk": 40,
        "fields": {
            "from_node": 23,
            "to_node": 5
        }
    },
    {
        "model": "network.edge",
        "pk": 41,
        "fields": {
            "from_node": 29,
            "to_node": 22
        }
    },
    {
        "model": "network.edge",
        "pk": 42,
        "fields": {
            "from_node": 24,
            "to_node": 17
        }
    },
    {
        "model": "network.edge",
        "pk": 43,
        "fields": {
            "from_node": 58,
            "to_node": 24
        }
    },
    {
        "model": "network.edge",
        "pk": 44,
        "fields": {
            "from_node": 30,
            "to_node": 39
        }
    },
    {
        "model": "network.edge",
        "pk": 45,
        "fields": {
            "from_node": 23,
            "to_node": 4
        }
    },
    {
        "model": "network.edge",
        "pk": 46,
        "fields": {
            "from_node": 5,
            "to_node": 60
        }
    },
    {
        "model": "network.edge",
        "pk": 47,
        "fields": {
            "from_node": 18,
            "to_node": 23
        }
    },
    {
        "model": "network.edge",
        "pk": 48,
        "fields": {
            "from_node": 35,
            "to_node": 34
        }
    },
    {
        "model": "network.edge",
        "pk": 49,
        "fields": {
            "from_node": 10,
            "to_node": 1
        }
    },
    {
        "model": "network.edge",
        "pk": 50,
        "fields": {
            "from_node": 54,
            "to_node": 7
        }
    },
    {
        "model": "network.edge",
        "pk": 51,
        "fields": {
            "from_node": 12,
            "to_node": 1
        }
    },
    {
        "model": "network.edge",
        "pk": 52,
        "fields": {
            "from_node": 22,
            "to_node": 57
        }
    },
    {
        "model": "network.edge",
        "pk": 53,
        "fields": {
            "from_node": 49,
            "to_node": 18
        }
    },
    {
        "model": "network.edge",
        "pk": 54,
        "fields": {
            "from_node": 18,
            "to_node": 60
        }
    },
    {
        "model": "network.edge",
        "pk": 55,
        "fields": {
            "from_node": 31,
            "to_node": 3
        }
    },
    {
        "model": "network.edge",
        "pk": 56,
        "fields": {
            "from_node": 52,
            "to_node": 25
        }
    },
    {
        "model": "network.edge",
        "pk": 57,
        "fields": {
            "from_node": 27,
            "to_node": 51
        }
    },
    {
        "model": "network.edge",
        "pk": 58,
        "fields": {
            "from_node": 40,
            "to_node": 16
        }
    },
    {
        "model": "network.edge",
        "pk": 59,
        "fields": {
            "from_node": 28,
            "to_node": 52
        }
    },
    {
        "model": "network.edge",
        "pk": 60,
        "fields": {
            "from_node": 16,
            "to_node": 21
        }
    },
    {
        "model": "network.edge",
        "pk": 61,
        "fields": {
            "from_node": 55,
            "to_node": 24
        }
    },
    {
        "model": "network.edge",
        "pk": 62,
        "fields": {
            "from_node": 46,
            "to_node": 54
        }
    },
    {
        "model": "network.edge",
        "pk": 63,
        "fields": {
            "from_node": 25,
            "to_node": 33
        }
    },
    {
        "model": "network.edge",
        "pk": 64,
        "fields": {
            "from_node": 19,
            "to_node": 18
        }
    },
    {
        "model": "network.edge",
        "pk": 65,
        "fields": {
            "from_node": 44,
            "to_node": 59
        }
    },
    {
        "model": "network.edge",
        "pk": 66,
        "fields": {
            "from_node": 18,
            "to_node": 7
        }
    },
    {
        "model": "network.edge",
        "pk": 67,
        "fields": {
            "from_node": 5,
            "to_node": 32
        }
    },
    {
        "model": "network.edge",
        "pk": 68,
        "fields": {
            "from_node": 35,
            "to_node": 32
        }
    },
    {
        "model": "network.edge",
        "pk": 69,
        "fields": {
            "from_node": 33,
            "to_node": 45
        }
    },
    {
        "model": "network.edge",
        "pk": 70,
        "fields": {
            "from_node": 18,
            "to_node": 10
        }
    },
    {
        "model": "network.edge",
        "pk": 71,
        "fields": {
            "from_node": 10,
            "to_node": 27
        }
    },
    {
        "model": "network.edge",
        "pk": 72,
        "fields": {
            "from_node": 50,
            "to_node": 49
        }
    },
    {
        "model": "network.edge",
        "pk": 73,
        "fields": {
            "from_node": 12,
            "to_node": 49
        }
    },
    {
        "model": "network.edge",
        "pk": 74,
        "fields": {
            "from_node": 56,
            "to_node": 20
        }
    },
    {
        "model": "network.edge",
        "pk": 75,
        "fields": {
            "from_node": 26,
            "to_node": 24
        }
    },
    {
        "model": "network.edge",
        "pk": 76,
        "fields": {
            "from_node": 10,
            "to_node": 46
        }
    },
    {
        "model": "network.edge",
        "pk": 77,
        "fields": {
            "from_node": 53,
            "to_node": 56
        }
    },
    {
        "model": "network.edge",
        "pk": 78,
        "fields": {
            "from_node": 51,
            "to_node": 18
        }
    },
    {
        "model": "network.edge",
        "pk": 79,
        "fields": {
            "from_node": 54,
            "to_node": 60
        }
    },
    {
        "model": "network.edge",
        "pk": 80,
        "fields": {
            "from_node": 8,
            "to_node": 13
        }
    },
    {
        "model": "network.edge",
        "pk": 81,
        "fields": {
            "from_node": 16,
            "to_node": 8
        }
    },
    {
        "model": "network.edge",
        "pk": 82,
        "fields": {
            "from_node": 48,
            "to_node": 42
        }
    },
    {
        "model": "network.edge",
        "pk": 83,
        "fields": {
            "from_node": 6,
            "to_node": 29
        }
    },
    {
        "model": "network.edge",
        "pk": 84,
        "fields": {
            "from_node": 8,
            "to_node": 9
        }
    },
    {
        "model": "network.edge",
        "pk": 85,
        "fields": {
            "from_node": 24,
            "to_node": 58
        }
    },
    {
        "model": "network.edge",
        "pk": 86,
        "fields": {
            "from_node": 20,
            "to_node": 10
        }
    },
    {
        "model": "network.edge",
        "pk": 87,
        "fields": {
            "from_node": 46,
            "to_node": 53
        }
    },
    {
        "model": "network.edge",
        "pk": 88,
        "fields": {
            "from_node": 17,
            "to_node": 58
        }
    },
    {
        "model": "network.edge",
        "pk": 89,
        "fields": {
            "from_node": 13,
            "to_node": 3
        }
    },
    {
        "model": "network.edge",
        "pk": 90,
        "fields": {
            "from_node": 39,
            "to_node": 36
        }
    },
    {
        "model": "network.edge",
        "pk": 91,
        "fields": {
            "from_node": 10,
            "to_node": 40
        }
    },
    {
        "model": "network.edge",
        "pk": 92,
        "fields": {
            "from_node": 28,
            "to_node": 40
        }
    },
    {
        "model": "network.edge",
        "pk": 93,
        "fields": {
            "from_node": 19,
            "to_node": 44
        }
    },
    {
        "model": "network.edge",
        "pk": 94,
        "fields": {
            "from_node": 40,
            "to_node": 34
        }
    },
    {
        "model": "network.edge",
        "pk": 95,
        "fields": {
            "from_node": 18,
            "to_node": 53
        }
    },
    {
        "model": "network.edge",
        "pk": 96,
        "fields": {
            "from_node": 7,
            "to_node": 50
        }
    },
    {
        "model": "network.edge",
        "pk": 97,
        "fields": {
            "from_node": 40,
            "to_node": 30
        }
    },
    {
        "model": "network.edge",
        "pk": 98,
        "fields": {
            "from_node": 38,
            "to_node": 5
        }
    },
    {
        "model": "network.edge",
        "pk": 99,
        "fields": {
            "from_node": 18,
            "to_node": 19
        }
    },
    {
        "model": "network.edge",
        "pk": 100,
        "fields": {
            "from_node": 4,
            "to_node": 38
        }
    },
    {
        "model": "network.edge",
        "pk": 101,
        "fields": {
            "from_node": 20,
            "to_node": 45
        }
    },
    {
        "model": "network.edge",
        "pk": 102,
        "fields": {
            "from_node": 42,
            "to_node": 38
        }
    },
    {
        "model": "network.edge",
        "pk": 103,
        "fields": {
            "from_node": 29,
            "to_node": 4
        }
    },
    {
        "model": "network.edge",
        "pk": 104,
        "fields": {
            "from_node": 40,
            "to_node": 27
        }
    },
    {
        "model": "network.edge",
        "pk": 105,
        "fields": {
            "from_node": 37,
            "to_node": 47
        }
    },
    {
        "model": "network.edge",
        "pk": 106,
        "fields": {
            "from_node": 53,
            "to_node": 35
        }
    },
    {
        "model": "network.edge",
        "pk": 107,
        "fields": {
            "from_node": 17,
            "to_node": 39
        }
    },
    {
        "model": "network.edge",
        "pk": 108,
        "fields": {
            "from_node": 7,
            "to_node": 13
        }
    },
    {
        "model": "network.edge",
        "pk": 109,
        "fields": {
            "from_node": 19,
            "to_node": 56
        }
    },
    {
        "model": "network.edge",
        "pk": 110,
        "fields": {
            "from_node": 10,
            "to_node": 52
        }
    },
    {
        "model": "network.edge",
        "pk": 111,
        "fields": {
            "from_node": 56,
            "to_node": 28
        }
    },
    {
        "model": "network.edge",
        "pk": 112,
        "fields": {
            "from_node": 18,
            "to_node": 6
        }
    },
    {
        "model": "network.edge",
        "pk": 113,
        "fields": {
            "from_node": 33,
            "to_node": 22
        }
    },
    {
        "model": "network.edge",
        "pk": 114,
        "fields": {
            "from_node": 2,
            "to_node": 3
        }
    },
    {
        "model": "network.edge",
        "pk": 115,
        "fields": {
            "from_node": 24,
            "to_node": 18
        }
    },
    {
        "model": "network.edge",
        "pk": 116,
        "fields": {
            "from_node": 13,
            "to_node": 50
        }
    },
    {
        "model": "network.edge",
        "pk": 117,
        "fields": {
            "from_node": 6,
            "to_node": 51
        }
    },
    {
        "model": "network.edge",
        "pk": 118,
        "fields": {
            "from_node": 31,
            "to_node": 16
        }
    },
    {
        "model": "network.edge",
        "pk": 119,
        "fields": {
            "from_node": 20,
            "to_node": 36
        }
    },
    {
        "model": "network.edge",
        "pk": 120,
        "fields": {
            "from_node": 40,
            "to_node": 44
        }
    },
    {
        "model": "network.edge",
        "pk": 121,
        "fields": {
            "from_node": 10,
            "to_node": 48
        }
    },
    {
        "model": "network.edge",
        "pk": 122,
        "fields": {
            "from_node": 28,
            "to_node": 59
        }
    },
    {
        "model": "network.edge",
        "pk": 123,
        "fields": {
            "from_node": 16,
            "to_node": 1
        }
    },
    {
        "model": "network.edge",
        "pk": 124,
        "fields": {
            "from_node": 27,
            "to_node": 48
        }
    },
    {
        "model": "network.edge",
        "pk": 125,
        "fields": {
            "from_node": 38,
            "to_node": 59
        }
    },
    {
        "model": "network.edge",
        "pk": 126,
        "fields": {
            "from_node": 50,
            "to_node": 6
        }
    },
    {
        "model": "network.edge",
        "pk": 127,
        "fields": {
            "from_node": 54,
            "to_node": 21
        }
    },
    {
        "model": "network.edge",
        "pk": 128,
        "fields": {
            "from_node": 59,
            "to_node": 25
        }
    },
    {
        "model": "network.edge",
        "pk": 129,
        "fields": {
            "from_node": 8,
            "to_node": 46
        }
    },
    {
        "model": "network.edge",
        "pk": 130,
        "fields": {
            "from_node": 37,
            "to_node": 11
        }
    },
    {
        "model": "network.edge",
        "pk": 131,
        "fields": {
            "from_node": 11,
            "to_node": 5
        }
    },
    {
        "model": "network.edge",
        "pk": 132,
        "fields": {
            "from_node": 12,
            "to_node": 35
        }
    },
    {
        "model": "network.edge",
        "pk": 133,
        "fields": {
            "from_node": 29,
            "to_node": 48
        }
    },
    {
        "model": "network.edge",
        "pk": 134,
        "fields": {
            "from_node": 17,
            "to_node": 13
        }
    },
    {
        "model": "network.edge",
        "pk": 135,
        "fields": {
            "from_node": 53,
            "to_node": 58
        }
    },
    {
        "model": "network.edge",
        "pk": 136,
        "fields": {
            "from_node": 4,
            "to_node": 1
        }
    },
    {
        "model": "network.edge",
        "pk": 137,
        "fields": {
            "from_node": 32,
            "to_node": 3
        }
    },
    {
        "model": "network.edge",
        "pk": 138,
        "fields": {
            "from_node": 34,
            "to_node": 3
        }
    },
    {
        "model": "network.edge",
        "pk": 139,
        "fields": {
            "from_node": 34,
            "to_node": 57
        }
    },
    {
        "model": "network.edge",
        "pk": 140,
        "fields": {
            "from_node": 47,
            "to_node": 13
        }
    },
    {
        "model": "network.edge",
        "pk": 141,
        "fields": {
            "from_node": 28,
            "to_node": 34
        }
    },
    {
        "model": "network.edge",
        "pk": 142,
        "fields": {
            "from_node": 20,
            "to_node": 55
        }
    },
    {
        "model": "network.edge",
        "pk": 143,
        "fields": {
            "from_node": 27,
            "to_node": 10
        }
    },
    {
        "model": "network.edge",
        "pk": 144,
        "fields": {
            "from_node": 6,
            "to_node": 56
        }
    },
    {
        "model": "network.edge",
        "pk": 145,
        "fields": {
            "from_node": 27,
            "to_node": 12
        }
    },
    {
        "model": "network.edge",
        "pk": 146,
        "fields": {
            "from_node": 12,
            "to_node": 4
        }
    },
    {
        "model": "network.edge",
        "pk": 147,
        "fields": {
            "from_node": 15,
            "to_node": 58
        }
    },
    {
        "model": "network.edge",
        "pk": 148,
        "fields": {
            "from_node": 19,
            "to_node": 35
        }
    },
    {
        "model": "network.edge",
        "pk": 149,
        "fields": {
            "from_node": 15,
            "to_node": 28
        }
    },
    {
        "model": "network.edge",
        "pk": 150,
        "fields": {
            "from_node": 52,
            "to_node": 13
        }
    },
    {
        "model": "network.edge",
        "pk": 151,
        "fields": {
            "from_node": 46,
            "to_node": 50
        }
    },
    {
        "model": "network.edge",
        "pk": 152,
        "fields": {
            "from_node": 45,
            "to_node": 2
        }
    },
    {
        "model": "network.edge",
        "pk": 153,
        "fields": {
            "from_node": 46,
            "to_node": 30
        }
    },
    {
        "model": "network.edge",
        "pk": 154,
        "fields": {
            "from_node": 61,
            "to_node": 30
        }
    },
    {
        "model": "network.edge",
        "pk": 155,
        "fields": {
            "from_node": 51,
            "to_node": 55
        }
    },
    {
        "model": "network.edge",
        "pk": 156,
        "fields": {
            "from_node": 56,
            "to_node": 55
        }
    },
    {
        "model": "network.edge",
        "pk": 157,
        "fields": {
            "from_node": 61,
            "to_node": 4
        }
    },
    {
        "model": "network.edge",
        "pk": 158,
        "fields": {
            "from_node": 24,
            "to_node": 37
        }
    },
    {
        "model": "network.edge",
        "pk": 159,
        "fields": {
            "from_node": 41,
            "to_node": 16
        }
    },
    {
        "model": "network.edge",
        "pk": 160,
        "fields": {
            "from_node": 58,
            "to_node": 59
        }
    },
    {
        "model": "network.edge",
        "pk": 161,
        "fields": {
            "from_node": 55,
            "to_node": 22
        }
    },
    {
        "model": "network.edge",
        "pk": 162,
        "fields": {
            "from_node": 32,
            "to_node": 9
        }
    },
    {
        "model": "network.edge",
        "pk": 163,
        "fields": {
            "from_node": 61,
            "to_node": 55
        }
    },
    {
        "model": "network.edge",
        "pk": 164,
        "fields": {
            "from_node": 53,
            "to_node": 25
        }
    },
    {
        "model": "network.edge",
        "pk": 165,
        "fields": {
            "from_node": 26,
            "to_node": 17
        }
    },
    {
        "model": "network.edge",
        "pk": 166,
        "fields": {
            "from_node": 53,
            "to_node": 20
        }
    },
    {
        "model": "network.edge",
        "pk": 167,
        "fields": {
            "from_node": 40,
            "to_node": 60
        }
    },
    {
        "model": "network.edge",
        "pk": 168,
        "fields": {
            "from_node": 51,
            "to_node": 32
        }
    },
    {
        "model": "network.edge",
        "pk": 169,
        "fields": {
            "from_node": 14,
            "to_node": 7
        }
    },
    {
        "model": "network.edge",
        "pk": 170,
        "fields": {
            "from_node": 17,
            "to_node": 47
        }
    },
    {
        "model": "network.edge",
        "pk": 171,
        "fields": {
            "from_node": 22,
            "to_node": 40
        }
    },
    {
        "model": "network.edge",
        "pk": 172,
        "fields": {
            "from_node": 58,
            "to_node": 3
        }
    },
    {
        "model": "network.edge",
        "pk": 173,
        "fields": {
            "from_node": 10,
            "to_node": 41
        }
    },
    {
        "model": "network.edge",
        "pk": 174,
        "fields": {
            "from_node": 23,
            "to_node": 1
        }
    },
    {
        "model": "network.edge",
        "pk": 175,
        "fields": {
            "from_node": 31,
            "to_node": 39
        }
    },
    {
        "model": "network.edge",
        "pk": 176,
        "fields": {
            "from_node": 10,
            "to_node": 35
        }
    },
    {
        "model": "network.edge",
        "pk": 177,
        "fields": {
            "from_node": 1,
            "to_node": 32
        }
    },
    {
        "model": "network.edge",
        "pk": 178,
        "fields": {
            "from_node": 46,
            "to_node": 16
        }
    },
    {
        "model": "network.edge",
        "pk": 179,
        "fields": {
            "from_node": 31,
            "to_node": 4
        }
    },
    {
        "model": "network.edge",
        "pk": 180,
        "fields": {
            "from_node": 52,
            "to_node": 24
        }
    },
    {
        "model": "network.edge",
        "pk": 181,
        "fields": {
            "from_node": 11,
            "to_node": 8
        }
    },
    {
        "model": "network.edge",
        "pk": 182,
        "fields": {
            "from_node": 46,
            "to_node": 8
        }
    },
    {
        "model": "network.edge",
        "pk": 183,
        "fields": {
            "from_node": 3,
            "to_node": 48
        }
    },
    {
        "model": "network.edge",
        "pk": 184,
        "fields": {
            "from_node": 11,
            "to_node": 17
        }
    },
    {
        "model": "network.edge",
        "pk": 185,
        "fields": {
            "from_node": 29,
            "to_node": 38
        }
    },
    {
        "model": "network.edge",
        "pk": 186,
        "fields": {
            "from_node": 59,
            "to_node": 39
        }
    },
    {
        "model": "network.edge",
        "pk": 187,
        "fields": {
            "from_node": 42,
            "to_node": 23
        }
    },
    {
        "model": "network.edge",
        "pk": 188,
        "fields": {
            "from_node": 57,
            "to_node": 41
        }
    },
    {
        "model": "network.edge",
        "pk": 189,
        "fields": {
            "from_node": 48,
            "to_node": 60
        }
    },
    {
        "model": "network.edge",
        "pk": 190,
        "fields": {
            "from_node": 5,
            "to_node": 54
        }
    },
    {
        "model": "network.edge",
        "pk": 191,
        "fields": {
            "from_node": 18,
            "to_node": 32
        }
    },
    {
        "model": "network.edge",
        "pk": 192,
        "fields": {
            "from_node": 61,
            "to_node": 48
        }
    },
    {
        "model": "network.edge",
        "pk": 193,
        "fields": {
            "from_node": 40,
            "to_node": 61
        }
    },
    {
        "model": "network.edge",
        "pk": 194,
        "fields": {
            "from_node": 43,
            "to_node": 55
        }
    },
    {
        "model": "network.edge",
        "pk": 195,
        "fields": {
            "from_node": 53,
            "to_node": 11
        }
    },
    {
        "model": "network.edge",
        "pk": 196,
        "fields": {
            "from_node": 45,
            "to_node": 12
        }
    },
    {
        "model": "network.edge",
        "pk": 197,
        "fields": {
            "from_node": 39,
            "to_node": 43
        }
    },
    {
        "model": "network.edge",
        "pk": 198,
        "fields": {
            "from_node": 54,
            "to_node": 49
        }
    },
    {
        "model": "network.edge",
        "pk": 199,
        "fields": {
            "from_node": 42,
            "to_node": 19
        }
    },
    {
        "model": "network.edge",
        "pk": 200,
        "fields": {
            "from_node": 20,
            "to_node": 28
        }
    },
    {
        "model": "network.edge",
        "pk": 201,
        "fields": {
            "from_node": 19,
            "to_node": 26
        }
    },
    {
        "model": "network.edge",
        "pk": 202,
        "fields": {
            "from_node": 15,
            "to_node": 37
        }
    },
    {
        "model": "network.edge",
        "pk": 203,
        "fields": {
            "from_node": 57,
            "to_node": 9
        }
    },
    {
        "model": "network.edge",
        "pk": 204,
        "fields": {
            "from_node": 40,
            "to_node": 37
        }
    },
    {
        "model": "network.edge",
        "pk": 205,
        "fields": {
            "from_node": 5,
            "to_node": 39
        }
    },
    {
        "model": "network.edge",
        "pk": 206,
        "fields": {
            "from_node": 5,
            "to_node": 45
        }
    },
    {
        "model": "network.edge",
        "pk": 207,
        "fields": {
            "from_node": 30,
            "to_node": 20
        }
    },
    {
        "model": "network.edge",
        "pk": 208,
        "fields": {
            "from_node": 59,
            "to_node": 52
        }
    },
    {
        "model": "network.edge",
        "pk": 209,
        "fields": {
            "from_node": 6,
            "to_node": 25
        }
    },
    {
        "model": "network.edge",
        "pk": 210,
        "fields": {
            "from_node": 40,
            "to_node": 11
        }
    },
    {
        "model": "network.edge",
        "pk": 211,
        "fields": {
            "from_node": 28,
            "to_node": 24
        }
    },
    {
        "model": "network.edge",
        "pk": 212,
        "fields": {
            "from_node": 28,
            "to_node": 56
        }
    },
    {
        "model": "network.edge",
        "pk": 213,
        "fields": {
            "from_node": 34,
            "to_node": 30
        }
    },
    {
        "model": "network.edge",
        "pk": 214,
        "fields": {
            "from_node": 4,
            "to_node": 48
        }
    },
    {
        "model": "network.edge",
        "pk": 215,
        "fields": {
            "from_node": 61,
            "to_node": 3
        }
    },
    {
        "model": "network.edge",
        "pk": 216,
        "fields": {
            "from_node": 1,
            "to_node": 48
        }
    },
    {
        "model": "network.edge",
        "pk": 217,
        "fields": {
            "from_node": 45,
            "to_node": 36
        }
    },
    {
        "model": "network.edge",
        "pk": 218,
        "fields": {
            "from_node": 50,
            "to_node": 53
        }
    },
    {
        "model": "network.edge",
        "pk": 219,
        "fields": {
            "from_node": 47,
            "to_node": 54
        }
    },
    {
        "model": "network.edge",
        "pk": 220,
        "fields": {
            "from_node": 24,
            "to_node": 41
        }
    },
    {
        "model": "network.edge",
        "pk": 221,
        "fields": {
            "from_node": 1,
            "to_node": 13
        }
    },
    {
        "model": "network.edge",
        "pk": 222,
        "fields": {
            "from_node": 13,
            "to_node": 18
        }
    },
    {
        "model": "network.edge",
        "pk": 223,
        "fields": {
            "from_node": 36,
            "to_node": 58
        }
    },
    {
        "model": "network.edge",
        "pk": 224,
        "fields": {
            "from_node": 5,
            "to_node": 33
        }
    },
    {
        "model": "network.edge",
        "pk": 225,
        "fields": {
            "from_node": 39,
            "to_node": 21
        }
    },
    {
        "model": "network.edge",
        "pk": 226,
        "fields": {
            "from_node": 49,
            "to_node": 35
        }
    },
    {
        "model": "network.edge",
        "pk": 227,
        "fields": {
            "from_node": 46,
            "to_node": 27
        }
    },
    {
        "model": "network.edge",
        "pk": 228,
        "fields": {
            "from_node": 30,
            "to_node": 12
        }
    },
    {
        "model": "network.edge",
        "pk": 229,
        "fields": {
            "from_node": 45,
            "to_node": 20
        }
    },
    {
        "model": "network.edge",
        "pk": 230,
        "fields": {
            "from_node": 29,
            "to_node": 25
        }
    },
    {
        "model": "network.edge",
        "pk": 231,
        "fields": {
            "from_node": 32,
            "to_node": 43
        }
    },
    {
        "model": "network.edge",
        "pk": 232,
        "fields": {
            "from_node": 54,
            "to_node": 29
        }
    },
    {
        "model": "network.edge",
        "pk": 233,
        "fields": {
            "from_node": 34,
            "to_node": 51
        }
    },
    {
        "model": "network.edge",
        "pk": 234,
        "fields": {
            "from_node": 21,
            "to_node": 38
        }
    },
    {
        "model": "network.edge",
        "pk": 235,
        "fields": {
            "from_node": 42,
            "to_node": 4
        }
    },
    {
        "model": "network.edge",
        "pk": 236,
        "fields": {
            "from_node": 48,
            "to_node": 46
        }
    },
    {
        "model": "network.edge",
        "pk": 237,
        "fields": {
            "from_node": 6,
            "to_node": 59
        }
    },
    {
        "model": "network.edge",
        "pk": 238,
        "fields": {
            "from_node": 7,
            "to_node": 35
        }
    },
    {
        "model": "network.edge",
        "pk": 239,
        "fields": {
            "from_node": 5,
            "to_node": 59
        }
    },
    {
        "model": "network.edge",
        "pk": 240,
        "fields": {
            "from_node": 4,
            "to_node": 25
        }
    },
    {
        "model": "network.edge",
        "pk": 241,
        "fields": {
            "from_node": 57,
            "to_node": 22
        }
    },
    {
        "model": "network.edge",
        "pk": 242,
        "fields": {
            "from_node": 44,
            "to_node": 40
        }
    },
    {
        "model": "network.edge",
        "pk": 243,
        "fields": {
            "from_node": 36,
            "to_node": 61
        }
    },
    {
        "model": "network.edge",
        "pk": 244,
        "fields": {
            "from_node": 16,
            "to_node": 39
        }
    },
    {
        "model": "network.edge",
        "pk": 245,
        "fields": {
            "from_node": 7,
            "to_node": 8
        }
    },
    {
        "model": "network.edge",
        "pk": 246,
        "fields": {
            "from_node": 27,
            "to_node": 16
        }
    },
    {
        "model": "network.edge",
        "pk": 247,
        "fields": {
            "from_node": 18,
            "to_node": 42
        }
    },
    {
        "model": "network.edge",
        "pk": 248,
        "fields": {
            "from_node": 10,
            "to_node": 43
        }
    },
    {
        "model": "network.edge",
        "pk": 249,
        "fields": {
            "from_node": 10,
            "to_node": 26
        }
    },
    {
        "model": "network.edge",
        "pk": 250,
        "fields": {
            "from_node": 48,
            "to_node": 7
        }
    },
    {
        "model": "network.edge",
        "pk": 251,
        "fields": {
            "from_node": 34,
            "to_node": 42
        }
    },
    {
        "model": "network.edge",
        "pk": 252,
        "fields": {
            "from_node": 9,
            "to_node": 7
        }
    },
    {
        "model": "network.edge",
        "pk": 253,
        "fields": {
            "from_node": 15,
            "to_node": 9
        }
    },
    {
        "model": "network.edge",
        "pk": 254,
        "fields": {
            "from_node": 17,
            "to_node": 1
        }
    },
    {
        "model": "network.edge",
        "pk": 255,
        "fields": {
            "from_node": 10,
            "to_node": 22
        }
    },
    {
        "model": "network.edge",
        "pk": 256,
        "fields": {
            "from_node": 56,
            "to_node": 15
        }
    },
    {
        "model": "network.edge",
        "pk": 257,
        "fields": {
            "from_node": 58,
            "to_node": 8
        }
    },
    {
        "model": "network.edge",
        "pk": 258,
        "fields": {
            "from_node": 5,
            "to_node": 19
        }
    },
    {
        "model": "network.edge",
        "pk": 259,
        "fields": {
            "from_node": 1,
            "to_node": 49
        }
    },
    {
        "model": "network.edge",
        "pk": 260,
        "fields": {
            "from_node": 46,
            "to_node": 42
        }
    },
    {
        "model": "network.edge",
        "pk": 261,
        "fields": {
            "from_node": 61,
            "to_node": 54
        }
    },
    {
        "model": "network.edge",
        "pk": 262,
        "fields": {
            "from_node": 24,
            "to_node": 20
        }
    },
    {
        "model": "network.edge",
        "pk": 263,
        "fields": {
            "from_node": 30,
            "to_node": 17
        }
    },
    {
        "model": "network.edge",
        "pk": 264,
        "fields": {
            "from_node": 4,
            "to_node": 28
        }
    },
    {
        "model": "network.edge",
        "pk": 265,
        "fields": {
            "from_node": 31,
            "to_node": 43
        }
    },
    {
        "model": "network.edge",
        "pk": 266,
        "fields": {
            "from_node": 36,
            "to_node": 25
        }
    },
    {
        "model": "network.edge",
        "pk": 267,
        "fields": {
            "from_node": 34,
            "to_node": 23
        }
    },
    {
        "model": "network.edge",
        "pk": 268,
        "fields": {
            "from_node": 34,
            "to_node": 27
        }
    },
    {
        "model": "network.edge",
        "pk": 269,
        "fields": {
            "from_node": 49,
            "to_node": 47
        }
    },
    {
        "model": "network.edge",
        "pk": 270,
        "fields": {
            "from_node": 43,
            "to_node": 42
        }
    },
    {
        "model": "network.edge",
        "pk": 271,
        "fields": {
            "from_node": 44,
            "to_node": 33
        }
    },
    {
        "model": "network.edge",
        "pk": 272,
        "fields": {
            "from_node": 44,
            "to_node": 42
        }
    },
    {
        "model": "network.edge",
        "pk": 273,
        "fields": {
            "from_node": 12,
            "to_node": 5
        }
    },
    {
        "model": "network.edge",
        "pk": 274,
        "fields": {
            "from_node": 2,
            "to_node": 49
        }
    },
    {
        "model": "network.edge",
        "pk": 275,
        "fields": {
            "from_node": 57,
            "to_node": 61
        }
    },
    {
        "model": "network.edge",
        "pk": 276,
        "fields": {
            "from_node": 15,
            "to_node": 10
        }
    },
    {
        "model": "network.edge",
        "pk": 277,
        "fields": {
            "from_node": 26,
            "to_node": 36
        }
    },
    {
        "model": "network.edge",
        "pk": 278,
        "fields": {
            "from_node": 58,
            "to_node": 19
        }
    },
    {
        "model": "network.edge",
        "pk": 279,
        "fields": {
            "from_node": 23,
            "to_node": 8
        }
    },
    {
        "model": "network.edge",
        "pk": 280,
        "fields": {
            "from_node": 49,
            "to_node": 11
        }
    },
    {
        "model": "network.edge",
        "pk": 281,
        "fields": {
            "from_node": 42,
            "to_node": 14
        }
    },
    {
        "model": "network.edge",
        "pk": 282,
        "fields": {
            "from_node": 42,
            "to_node": 22
        }
    },
    {
        "model": "network.edge",
        "pk": 283,
        "fields": {
            "from_node": 25,
            "to_node": 54
        }
    },
    {
        "model": "network.edge",
        "pk": 284,
        "fields": {
            "from_node": 23,
            "to_node": 38
        }
    },
    {
        "model": "network.edge",
        "pk": 285,
        "fields": {
            "from_node": 19,
            "to_node": 39
        }
    },
    {
        "model": "network.edge",
        "pk": 286,
        "fields": {
            "from_node": 17,
            "to_node": 50
        }
    },
    {
        "model": "network.edge",
        "pk": 287,
        "fields": {
            "from_node": 33,
            "to_node": 16
        }
    }
]